,text,labels_D,labels_T,labels_direct_D,labels_direct_T,labels_indirect_D,labels_indirect_T
0,"Doch in kommerlyke tyden word dit kruid, een weinig geroost, door de menschen ten spyze gebruikt.","[{'span': 'kruid', 'type': 'Plants-Products-Literal'}]","[{'span': 'kruid', 'type': 'Plants-Products-Literal'}]",[],"[{'span': 'kruid', 'type': 'Plants-Organisms-Literal'}]","[{'span': 'kruid', 'type': 'Plants-Products-Literal'}]","[{'span': 'kruid', 'type': 'Plants-Products-Literal'}]"
1,"Al de gedroogde visch, die zich toen op het eiland bevond, werd daar van geheel zwart en onbruikbaar, ja in de twe naastvolgende jaren werden door die assche, of veeleer door de 'er mede vermengde scherpachtige rotsbrokjes of zand, gelyk boven by den brand op Jan Mayen eiland aangemerkt is, zo verre het","[{'span': 'visch', 'type': 'Animals-Organisms-Literal'}]","[{'span': 'visch', 'type': 'Animals-Products-Literal'}]","[{'span': 'gedroogde visch', 'type': 'Animals-Products-Literal'}]","[{'span': 'gedroogde visch', 'type': 'Animals-Products-Literal'}]","[{'span': 'gedroogde', 'type': 'Animals-Products-Literal'}, {'span': 'visch', 'type': 'Animals-Organisms-Literal'}]","[{'span': 'visch', 'type': 'Animals-Organisms-Literal'}]"
2,"Als men het Varken, in 't midden aan weeder zyden van de rugge-graad, doorgesneden heeft, zo laat men ieder helft, even onder de schouwder nog eens doorsnyden in de breedte.","[{'span': 'Varken', 'type': 'Animals-Organisms-Literal'}, {'span': 'rugge-graad', 'type': 'Animals-Parts-Literal'}, {'span': 'schouwder', 'type': 'Animals-Parts-Literal'}]","[{'span': 'Varken', 'type': 'Animals-Organisms-Literal'}, {'span': 'zyden', 'type': 'Animals-Parts-Literal'}, {'span': 'rugge-graad', 'type': 'Animals-Parts-Literal'}, {'span': 'schouwder', 'type': 'Animals-Parts-Literal'}]","[{'span': 'Varken', 'type': 'Animals-Organisms-Literal'}, {'span': 'rugge-graad', 'type': 'Animals-Parts-Literal'}, {'span': 'schouwder', 'type': 'Animals-Parts-Literal'}]","[{'span': 'Varken', 'type': 'Animals-Organisms-Literal'}, {'span': 'rugge-graad', 'type': 'Animals-Parts-Literal'}, {'span': 'schouwder', 'type': 'Animals-Parts-Literal'}]","[{'span': 'varken', 'type': 'Animals-Organisms-Literal'}]","[{'span': 'varken', 'type': 'Animals-Organisms-Literal'}]"
3,"Het gerookt vleesch moet ook acht dagen in het zout leggen, en dan in zakken genaait in de rook gehangen worden, en moet drie of wel vier maanden rooken.","[{'span': 'vleesch', 'type': 'Animals-Products-Literal'}]","[{'span': 'vleesch', 'type': 'Animals-Products-Literal'}]","[{'span': 'vleesch', 'type': 'Animals-Products-Literal'}]",[],"[{'span': 'gerookt', 'type': 'Animals-Products-Literal'}, {'span': 'vleesch', 'type': 'Animals-Products-Literal'}]","[{'span': 'vleesch', 'type': 'Animals-Products-Literal'}]"
4,"Zouten van Spek, Hammen en Ossen-Vleesch, hoe daar mede te handelen.","[{'span': 'Spek', 'type': 'Animals-Products-Literal'}, {'span': 'Hammen', 'type': 'Animals-Products-Literal'}, {'span': 'Ossen-Vleesch', 'type': 'Animals-Products-Literal'}]","[{'span': 'Spek', 'type': 'Animals-Products-Literal'}, {'span': 'Hammen', 'type': 'Animals-Products-Literal'}, {'span': 'Ossen-Vleesch', 'type': 'Animals-Products-Literal'}]",[],[],"[{'span': 'spek', 'type': 'Animals-Products-Literal'}, {'span': 'hammen', 'type': 'Animals-Products-Literal'}, {'span': 'ossen', 'type': 'Animals-Products-Literal'}, {'span': 'vleesch', 'type': 'Animals-Products-Literal'}]","[{'span': 'spek', 'type': 'Animals-Products-Literal'}, {'span': 'hammen', 'type': 'Animals-Products-Literal'}, {'span': 'ossen', 'type': 'Animals-Products-Literal'}, {'span': 'vleesch', 'type': 'Animals-Products-Literal'}]"
5,"Dan legt men alles aldus in de kuip om in order te gebruiken: 1. de 6 klapstukken van de buik onder in, want ze konnen het langste duuren: 2. de staartstukken: 3. de schouwderbladeren: 4. de twee borststukken: 5. de twee beste ribben: 6. de vier andere ribben: de twee ongeschikte ribben die by de
schouwders zitten: 7. de huspot zo men wil boven op; maar men moet zorg dragen dat de stukken wel vast in malkanderen sluiten, en de openingen moeten met zout gevuld worden, en wat zout 'er boven op, en eerst onder op den bodem gespreid; ook moet de kuip eerst schoon uitgebroeid en met kruidnagels gedroogt worden.","[{'span': 'klapstukken', 'type': 'Animals-Products-Literal'}, {'span': 'buik', 'type': 'Animals-Parts-Literal'}, {'span': 'staartstukken', 'type': 'Animals-Products-Literal'}, {'span': 'schouwderbladeren', 'type': 'Animals-Products-Literal'}, {'span': 'borststukken', 'type': 'Animals-Products-Literal'}, {'span': 'ribben', 'type': 'Animals-Products-Literal'}, {'span': 'ribben', 'type': 'Animals-Products-Literal'}, {'span': 'ribben', 'type': 'Animals-Products-Literal'}, {'span': 'schouwders', 'type': 'Animals-Parts-Literal'}, {'span': 'kruidnagels', 'type': 'Plants-Products-Literal'}]","[{'span': 'klapstukken', 'type': 'Animals-Products-Literal'}, {'span': 'buik', 'type': 'Animals-Parts-Literal'}, {'span': 'staartstukken', 'type': 'Animals-Products-Literal'}, {'span': 'schouwderbladeren', 'type': 'Animals-Products-Literal'}, {'span': 'borststukken', 'type': 'Animals-Products-Literal'}, {'span': 'ribben', 'type': 'Animals-Products-Literal'}, {'span': 'ribben', 'type': 'Animals-Products-Literal'}, {'span': 'ribben', 'type': 'Animals-Products-Literal'}, {'span': 'schouwders', 'type': 'Animals-Parts-Literal'}, {'span': 'kruidnagels', 'type': 'Plants-Products-Literal'}]",[],"[{'span': 'buik', 'type': 'Animals-Parts-Literal'}, {'span': 'staartstukken', 'type': 'Animals-Parts-Literal'}, {'span': 'schouwderbladeren', 'type': 'Animals-Parts-Literal'}, {'span': 'borststukken', 'type': 'Animals-Parts-Literal'}, {'span': 'ribben', 'type': 'Animals-Parts-Literal'}, {'span': 'huspots', 'type': 'Animals-Collective-Literal'}, {'span': 'kruidnagels', 'type': 'Plants-Products-Literal'}]","[{'span': 'buik', 'type': 'Animals-Parts-Literal'}, {'span': 'staartstukken', 'type': 'Animals-Parts-Literal'}, {'span': 'schouwderbladeren', 'type': 'Animals-Parts-Literal'}, {'span': 'borststukken', 'type': 'Animals-Parts-Literal'}, {'span': 'ribben', 'type': 'Animals-Parts-Literal'}, {'span': 'ribben', 'type': 'Animals-Parts-Literal'}, {'span': 'ribben', 'type': 'Animals-Parts-Literal'}]","[{'span': 'buik', 'type': 'Animals-Parts-Literal'}, {'span': 'staartstukken', 'type': 'Animals-Parts-Literal'}, {'span': 'schouwderbladeren', 'type': 'Animals-Parts-Literal'}, {'span': 'ribben', 'type': 'Animals-Parts-Literal'}, {'span': 'ribben', 'type': 'Animals-Parts-Literal'}, {'span': 'ribben', 'type': 'Animals-Parts-Literal'}]"
6,"Dit alles te zaamen in een groote pan of styfsel-kom of hakkebord gedaan, en 6 tinne kommetjes met Osse-vleesch-nat of ander vleesch-nat, of warm water daar op gegooten en digt toegedekt en altemets eens omgeroert.
en zo een nagt over, op de warme plaat laaten staan weken; en dan stopt men ze gelyk Leverbeulingen; dog om dat de gort sterk zwelt maar half vol, en dan zynze half vol als men ze plat duuwt: Als ze gestopt zyn laat men ze zeer zagt kooken dat het water maar even beweegt omtrent een half uurtje, en men prikt ze ondertussen met een doorntje om niet te barsten en uittekooken, en dan zyn ze heel goed.
4.","[{'span': 'Osse-vleesch-nat', 'type': 'Animals-Products-Literal'}, {'span': 'vleesch-nat', 'type': 'Animals-Products-Literal'}, {'span': 'Leverbeulingen', 'type': None}, {'span': 'gort', 'type': 'Plants-Products-Literal'}]","[{'span': 'Leverbeulingen', 'type': 'Animals-Products-Literal'}, {'span': 'gort', 'type': 'Plants-Products-Literal'}, {'span': 'doorntje', 'type': 'Plants-Products-Literal'}]","[{'span': 'Osse-vleesch-nat', 'type': 'Animals-Products-Literal'}, {'span': 'vleesch-nat', 'type': 'Animals-Products-Literal'}, {'span': 'Leverbeulingen', 'type': 'Animals-Products-Literal'}]","[{'span': 'Osse-vleesch-nat', 'type': 'Animals-Products-Literal'}, {'span': 'vleesch-nat', 'type': 'Animals-Products-Literal'}, {'span': 'Leverbeulingen', 'type': 'Animals-Products-Literal'}, {'span': 'doorntje', 'type': 'Plants-Parts-Literal'}]","[{'span': 'osse', 'type': 'Animals-Products-Literal'}, {'span': 'vleesch', 'type': 'Animals-Products-Literal'}, {'span': 'leverbeulingen', 'type': 'Animals-Parts-Literal'}, {'span': 'gort', 'type': 'Plants-Products-Literal'}]","[{'span': 'osse', 'type': 'Animals-Products-Literal'}, {'span': 'vleesch', 'type': 'Animals-Products-Literal'}, {'span': 'vleesch', 'type': 'Animals-Products-Literal'}, {'span': 'gort', 'type': 'Plants-Products-Literal'}]"
7,"En schoon veele staande houden dat het eeten van dit vleesch geen quaad aan de menschen doedt, zo zyn fatsoendelyke lieden nogtans beschroomd om het te gebruiken: om dit met zeekerheid te weeten zo kan men daar deeze proeve van neemen.","[{'span': 'vleesch', 'type': 'Animals-Products-Literal'}]","[{'span': 'vleesch', 'type': 'Animals-Products-Literal'}]","[{'span': 'vleesch', 'type': 'Animals-Products-Literal'}]",[],"[{'span': 'vleesch', 'type': 'Animals-Products-Literal'}]","[{'span': 'vleesch', 'type': 'Animals-Products-Literal'}]"
8,"ยง. XXXI. De Koemelk word tot artzeny gebruikt. De Melk is de voornaamste artzeny der Yslanders, en word daarom ook, zodra zy van de koe koomt, door gene anderen, dan alleen kranken, genoten.","[{'span': 'Koemelk', 'type': 'Animals-Products-Literal'}, {'span': 'Melk', 'type': 'Animals-Products-Literal'}, {'span': 'koe', 'type': 'Animals-Organisms-Literal'}]","[{'span': 'Koemelk', 'type': 'Animals-Products-Literal'}, {'span': 'Melk', 'type': 'Animals-Products-Literal'}, {'span': 'koe', 'type': 'Animals-Organisms-Literal'}]","[{'span': 'Koemelk', 'type': 'Animals-Products-Literal'}, {'span': 'Melk', 'type': 'Animals-Products-Literal'}, {'span': 'koe', 'type': 'Animals-Organisms-Literal'}]",[],"[{'span': 'koemelk', 'type': 'Plants-Products-Literal'}, {'span': 'melk', 'type': 'Plants-Products-Literal'}, {'span': 'koe', 'type': 'Animals-Organisms-Literal'}]","[{'span': 'koemelk', 'type': 'Plants-Products-Literal'}, {'span': 'melk', 'type': 'Animals-Products-Literal'}, {'span': 'koe', 'type': 'Animals-Organisms-Literal'}]"
9,"Die het beter willen maken, en 'er de middelen toe hebben, kopen een weinig zout, snyden, als het ge-slagt dier noch onafgehakt hangt, op drie of vier plaatsen een diepe snede in het vleesch, en doen in iedere opening een kleine hand vol zout, zich verbeeldende, dat het dus zelf, zo veel nodig is, door het gantsche beest trekt, en het vleesch, wanneer 'er vervolgens wind en rook by koomt, zeer wel bewaard word Op de beide gezegde wyzen handelen de ingezetenen ook met het schapenvleesch, als zy het voor hun huisgezin slagten.","[{'span': 'dier', 'type': 'Animals-Organisms-Literal'}, {'span': 'vleesch', 'type': 'Animals-Products-Literal'}, {'span': 'beest', 'type': 'Animals-Organisms-Literal'}, {'span': 'schapenvleesch', 'type': 'Animals-Products-Literal'}]","[{'span': 'dier', 'type': 'Animals-Organisms-Literal'}, {'span': 'vleesch', 'type': 'Animals-Parts-Literal'}, {'span': 'beest', 'type': 'Animals-Organisms-Literal'}, {'span': 'vleesch', 'type': 'Animals-Parts-Literal'}, {'span': 'schapenvleesch', 'type': 'Animals-Products-Literal'}]","[{'span': 'ge-slagt dier', 'type': 'Animals-Organisms-Literal'}, {'span': 'vleesch', 'type': 'Animals-Parts-Literal'}, {'span': 'beest', 'type': 'Animals-Organisms-Literal'}, {'span': 'vleesch', 'type': 'Animals-Parts-Literal'}, {'span': 'schapenvleesch', 'type': 'Animals-Parts-Literal'}]","[{'span': 'ge-slagt dier', 'type': 'Animals-Organisms-Literal'}, {'span': 'vleesch', 'type': 'Animals-Products-Literal'}, {'span': 'beest', 'type': 'Animals-Organisms-Literal'}, {'span': 'schapenvleesch', 'type': 'Animals-Products-Literal'}, {'span': 'huisgezin slagten', 'type': 'Animals-Organisms-Literal'}]","[{'span': 'dier', 'type': 'Animals-Collective-Literal'}, {'span': 'vleesch', 'type': 'Animals-Products-Literal'}, {'span': 'beest', 'type': 'Animals-Collective-Literal'}, {'span': 'vleesch', 'type': 'Animals-Products-Literal'}, {'span': 'schapenvleesch', 'type': 'Animals-Products-Literal'}]","[{'span': 'zout', 'type': 'Plants-Products-Literal'}, {'span': 'dier', 'type': 'Animals-Organisms-Literal'}, {'span': 'vleesch', 'type': 'Animals-Products-Literal'}, {'span': 'beest', 'type': 'Animals-Organisms-Literal'}, {'span': 'vleesch', 'type': 'Animals-Products-Literal'}, {'span': 'schapenvleesch', 'type': 'Animals-Products-Literal'}]"
10,"Zeeusche Pens en Hoofdvleesch, hoe men die maaken zal.","[{'span': 'Zeeusche Pens', 'type': 'Animals-Products-Literal'}, {'span': 'Hoofdvleesch,', 'type': 'Animals-Products-Literal'}]","[{'span': 'Zeeusche Pens', 'type': 'Animals-Products-Literal'}, {'span': 'Hoofdvleesch', 'type': 'Animals-Products-Literal'}]",[],[],"[{'span': 'pens', 'type': 'Animals-Products-Literal'}, {'span': 'hoofdvleesch', 'type': 'Animals-Parts-Literal'}]","[{'span': 'pens', 'type': 'Animals-Products-Literal'}, {'span': 'hoofdvleesch', 'type': 'Animals-Products-Literal'}]"
11,"Ossen en Koeyen vallen niet groter dan het kleinst geestvee in Duitsland; hebben, gelyk bereids gezegt is, gene Hoornen, en genieten alleen het voorrecht, door de huis lieden in den winter mede onder 't dak genomen en met het zo kommerlyk gewonnen hooy, of, by mangel van het zelve, met het gedroogd zeegewas Zeenestel spaarzaam gevoed te worden.","[{'span': 'Ossen', 'type': 'Animals-Organisms-Literal'}, {'span': 'Koeyen', 'type': 'Animals-Organisms-Literal'}, {'span': 'geestvee', 'type': 'Animals-Collective-Literal'}, {'span': 'Hoornen', 'type': 'Animals-Parts-Literal'}, {'span': 'hooy', 'type': 'Plants-Products-Literal'}, {'span': 'Zeenestel', 'type': 'Plants-Products-Literal'}]","[{'span': 'Ossen', 'type': 'Animals-Organisms-Literal'}, {'span': 'Koeyen', 'type': 'Animals-Organisms-Literal'}, {'span': 'geestvee', 'type': 'Animals-Organisms-Literal'}, {'span': 'Hoornen', 'type': 'Animals-Parts-Literal'}, {'span': 'hooy', 'type': 'Plants-Products-Literal'}, {'span': 'Zeenestel', 'type': 'Plants-Products-Literal'}]","[{'span': 'Ossen en Koeyen', 'type': 'Animals-Organisms-Literal'}, {'span': 'geestvee', 'type': 'Animals-Collective-Literal'}, {'span': 'Hoornen', 'type': 'Animals-Parts-Literal'}, {'span': 'hooy', 'type': 'Plants-Products-Literal'}, {'span': 'zeegewas Zeenestel', 'type': 'Plants-Products-Literal'}]","[{'span': 'Ossen', 'type': 'Animals-Organisms-Literal'}, {'span': 'Koeyen', 'type': 'Animals-Organisms-Literal'}, {'span': 'geestvee', 'type': 'Animals-Collective-Literal'}, {'span': 'Hoornen', 'type': 'Animals-Parts-Literal'}, {'span': 'hooy', 'type': 'Plants-Products-Literal'}, {'span': 'zeegewas', 'type': 'Plants-Collective-Literal'}, {'span': 'Zeenestel', 'type': 'Plants-Parts-Literal'}]","[{'span': 'ossen', 'type': 'Animals-Organisms-Literal'}, {'span': 'koeyen', 'type': 'Animals-Organisms-Literal'}, {'span': 'geestvee', 'type': 'Animals-Collective-Literal'}, {'span': 'hoornen', 'type': 'Plants-Parts-Literal'}, {'span': 'hooy', 'type': 'Plants-Products-Literal'}, {'span': 'zeenestel', 'type': 'Animals-Products-Literal'}]","[{'span': 'ossen', 'type': 'Animals-Organisms-Literal'}, {'span': 'koeyen', 'type': 'Animals-Organisms-Literal'}, {'span': 'geestvee', 'type': 'Animals-Collective-Literal'}, {'span': 'hoornen', 'type': 'Plants-Parts-Literal'}, {'span': 'hooy', 'type': 'Plants-Parts-Literal'}, {'span': 'zeegewas', 'type': 'Animals-Collective-Literal'}, {'span': 'zeenestel', 'type': 'Animals-Collective-Literal'}]"
12,"Men stopt de beulingen maar half vol om dat die anders te ligt uitkooken of barsten; en men bind ze met een touwtje onder en boven toe, en dan wordenze op een schootel plat nedergelegt, tot dat ze gekookt worden: Voor al moet men niet vergeeten genoeg vet daar in te doen, want anders zyn de Leverbeulingen te droog.","[{'span': 'vet', 'type': 'Animals-Products-Literal'}]","[{'span': 'beulingen', 'type': 'Animals-Products-Literal'}, {'span': 'vet', 'type': 'Animals-Products-Literal'}, {'span': 'Leverbeulingen', 'type': 'Animals-Products-Literal'}]","[{'span': 'beulingen', 'type': 'Animals-Products-Literal'}, {'span': 'vet', 'type': 'Animals-Products-Literal'}]","[{'span': 'beulingen', 'type': 'Animals-Products-Literal'}, {'span': 'Leverbeulingen', 'type': 'Animals-Products-Literal'}]","[{'span': 'beulingen', 'type': 'Animals-Parts-Literal'}, {'span': 'vet', 'type': 'Animals-Products-Literal'}, {'span': 'leverbeulingen', 'type': 'Animals-Parts-Literal'}]","[{'span': 'beulingen', 'type': 'Animals-Parts-Literal'}, {'span': 'leverbeulingen', 'type': 'Animals-Parts-Literal'}]"
13,"weshalven de boeren 'er aldaar meer acht op geven. Dezen jagen alleen de Hamels in 't gebergte; doch houden de Oyen zo veel by huis, als doenlyk is.","[{'span': 'Oyen', 'type': 'Animals-Organisms-Literal'}]","[{'span': 'Hamels', 'type': 'Animals-Organisms-Literal'}, {'span': 'Oyen', 'type': 'Animals-Organisms-Literal'}]","[{'span': 'Hamels', 'type': 'Animals-Organisms-Literal'}, {'span': 'Oyen', 'type': 'Animals-Organisms-Literal'}]","[{'span': 'Hamels', 'type': 'Animals-Organisms-Literal'}, {'span': 'Oyen', 'type': 'Animals-Organisms-Literal'}]","[{'span': 'hamels', 'type': 'Animals-Organisms-Literal'}, {'span': 'oyen', 'type': 'Animals-Organisms-Literal'}]","[{'span': 'hamels', 'type': 'Animals-Organisms-Literal'}, {'span': 'oyen', 'type': 'Animals-Organisms-Literal'}]"
14,"Als men zo veel moeiten niet doen wil om Rolpens en Hoofd-vleesch te maaken, zo snyd men de pens in stukken, en men kookt het met de kop tot dat alles gaar is, en dan legt men het vleesch met de pens door een, met wat zout en heele peper, in den azyn, in een keulse aarde pot, is heel goed om met appelen des winters gebakken te eeten.
17.","[{'span': 'Hoofd-vleesch', 'type': 'Animals-Products-Literal'}, {'span': 'pens', 'type': 'Animals-Products-Literal'}, {'span': 'kop', 'type': 'Animals-Products-Literal'}, {'span': 'vleesch', 'type': 'Animals-Products-Literal'}, {'span': 'pens', 'type': 'Animals-Products-Literal'}, {'span': 'peper', 'type': 'Plants-Products-Literal'}, {'span': 'appelen', 'type': 'Plants-Products-Literal'}]","[{'span': 'Rolpens', 'type': 'Animals-Products-Literal'}, {'span': 'Hoofd-vleesch', 'type': 'Animals-Products-Literal'}, {'span': 'pens', 'type': 'Animals-Products-Literal'}, {'span': 'kop', 'type': 'Animals-Products-Literal'}, {'span': 'vleesch', 'type': 'Animals-Products-Literal'}, {'span': 'pens', 'type': 'Animals-Products-Literal'}, {'span': 'peper', 'type': 'Plants-Products-Literal'}, {'span': 'appelen', 'type': 'Plants-Products-Literal'}]","[{'span': 'Rolpens', 'type': 'Animals-Products-Literal'}, {'span': 'Hoofd-vleesch', 'type': 'Animals-Products-Literal'}, {'span': 'pens', 'type': 'Animals-Parts-Literal'}, {'span': 'kop', 'type': 'Animals-Parts-Literal'}, {'span': 'vleesch', 'type': 'Animals-Products-Literal'}, {'span': 'appelen', 'type': 'Plants-Products-Literal'}]",[],"[{'span': 'rolpens', 'type': 'Animals-Products-Literal'}, {'span': 'pens', 'type': 'Animals-Products-Literal'}, {'span': 'kop', 'type': 'Animals-Parts-Literal'}, {'span': 'vleesch', 'type': 'Animals-Products-Literal'}, {'span': 'pens', 'type': 'Animals-Parts-Literal'}, {'span': 'peper', 'type': 'Plants-Products-Literal'}, {'span': 'azyn', 'type': 'Plants-Products-Literal'}, {'span': 'appelen', 'type': 'Plants-Products-Literal'}]","[{'span': 'rolpens', 'type': 'Animals-Products-Literal'}, {'span': 'vleesch', 'type': 'Animals-Products-Literal'}, {'span': 'pens', 'type': 'Animals-Products-Literal'}, {'span': 'vleesch', 'type': 'Animals-Products-Literal'}, {'span': 'zout', 'type': 'Plants-Products-Literal'}, {'span': 'peper', 'type': 'Plants-Products-Literal'}, {'span': 'azyn', 'type': 'Plants-Products-Literal'}, {'span': 'appelen', 'type': 'Plants-Products-Literal'}]"
15,"De Boter kaarnen de meesten voor en na zo hairig, als zy uit ongereinigde melk in een zamengenaaide schapenvacht gemolken is, en leggen dezelve dus op; weshalven een vreemdeling die Boter niet ligtelyk door de keel zoude konnen krygen.","[{'span': 'melk', 'type': 'Animals-Products-Literal'}, {'span': 'schapenvacht', 'type': 'Animals-Parts-Literal'}]","[{'span': 'melk', 'type': 'Animals-Products-Literal'}, {'span': 'schapenvacht', 'type': 'Animals-Products-Literal'}]",[],"[{'span': 'melk', 'type': 'Animals-Products-Literal'}, {'span': 'schapenvacht', 'type': 'Animals-Parts-Literal'}, {'span': 'Boter', 'type': 'Animals-Products-Literal'}]","[{'span': 'boter', 'type': 'Animals-Products-Literal'}, {'span': 'melk', 'type': 'Animals-Products-Literal'}, {'span': 'schapenvacht', 'type': 'Animals-Products-Literal'}, {'span': 'boter', 'type': 'Animals-Products-Literal'}]","[{'span': 'boter', 'type': 'Animals-Products-Literal'}, {'span': 'melk', 'type': 'Animals-Products-Literal'}, {'span': 'schapenvacht', 'type': 'Animals-Products-Literal'}]"
16,"Dan neemt men een groote vleesch keetel en men hangt ze vol regen water over het vuur, en als het water kookt doet men de beulingen daar in, dat die regt uit en niet op malkanderen leggen, daarom mag men niet meer als anderhalf douzyn beulingen te gelyk kooken; en ze moeten heel zagtjes kooken, omtrent een half uur lang.",[],"[{'span': 'beulingen', 'type': 'Animals-Products-Literal'}, {'span': 'beulingen', 'type': 'Animals-Products-Literal'}]",[],[],"[{'span': 'beulingen', 'type': 'Animals-Parts-Literal'}, {'span': 'beulingen', 'type': 'Animals-Parts-Literal'}]","[{'span': 'vleesch', 'type': 'Animals-Products-Literal'}, {'span': 'beulingen', 'type': 'Animals-Parts-Literal'}, {'span': 'beulingen', 'type': 'Animals-Parts-Literal'}]"
17,"Afhakken van 't vleesch in de Slacht-tyd, en hoe men de stukken best en ten meesten voordeelen zal gebruiken, en hoe men verder met alles in de Slacht-tyd, moet handelen.
1.","[{'span': 'vleesch', 'type': 'Animals-Products-Literal'}]","[{'span': 'vleesch', 'type': 'Animals-Products-Literal'}]",[],"[{'span': 'vleesch', 'type': 'Animals-Products-Literal'}, {'span': 'Slacht-tyd', 'type': 'Animals-Collective-Literal'}]","[{'span': 'vleesch', 'type': 'Animals-Products-Literal'}]","[{'span': 'vleesch', 'type': 'Animals-Products-Literal'}, {'span': 'stukken', 'type': 'Animals-Products-Literal'}]"
18,"Neemt by de 20 ponden, gehakt redelyk vet, varkens vleesch, anderhalf loot of twee loot nootemuscaten; twee loot nagelen; twee loot zwarte peeper, dit alles ter deegen fyn gestooten zynde, zo roert men het onder anderhalf vierendeel zout, en men kneed het door het gekapte Varkensvleesch heen; en men laat het zo een nacht met een schoone doek bedekt staan doortrekken.","[{'span': 'varkens vleesch', 'type': 'Animals-Products-Literal'}, {'span': 'nootemuscaten', 'type': 'Plants-Products-Literal'}, {'span': 'nagelen', 'type': 'Plants-Products-Literal'}, {'span': 'zwarte peeper', 'type': 'Plants-Products-Literal'}, {'span': 'Varkensvleesch', 'type': 'Animals-Products-Literal'}]","[{'span': 'vet', 'type': 'Animals-Products-Literal'}, {'span': 'varkens vleesch', 'type': 'Animals-Products-Literal'}, {'span': 'nootemuscaten', 'type': 'Plants-Products-Literal'}, {'span': 'nagelen', 'type': 'Plants-Products-Literal'}, {'span': 'Varkensvleesch', 'type': 'Animals-Products-Literal'}]","[{'span': 'varkens vleesch', 'type': 'Animals-Products-Literal'}, {'span': 'nootemuscaten', 'type': 'Plants-Products-Literal'}, {'span': 'nagelen', 'type': 'Plants-Products-Literal'}, {'span': 'zwarte peeper', 'type': 'Plants-Products-Literal'}, {'span': 'Varkensvleesch', 'type': 'Animals-Products-Literal'}]","[{'span': 'nootemuscaten', 'type': 'Plants-Products-Literal'}, {'span': 'nagelen', 'type': 'Plants-Products-Literal'}, {'span': 'zwarte peeper', 'type': 'Plants-Products-Literal'}]","[{'span': 'vet', 'type': 'Animals-Products-Literal'}, {'span': 'varkens', 'type': 'Animals-Products-Literal'}, {'span': 'vleesch', 'type': 'Animals-Products-Literal'}, {'span': 'nootemuscaten', 'type': 'Plants-Products-Literal'}, {'span': 'nagelen', 'type': 'Plants-Products-Literal'}, {'span': 'peeper', 'type': 'Plants-Products-Literal'}, {'span': 'varkensvleesch', 'type': 'Animals-Products-Literal'}]","[{'span': 'vet', 'type': 'Animals-Products-Literal'}, {'span': 'varkens', 'type': 'Animals-Products-Literal'}, {'span': 'vleesch', 'type': 'Animals-Products-Literal'}, {'span': 'nootemuscaten', 'type': 'Plants-Products-Literal'}, {'span': 'nagelen', 'type': 'Plants-Products-Literal'}, {'span': 'zwarte', 'type': 'Plants-Products-Literal'}, {'span': 'peeper', 'type': 'Plants-Products-Literal'}, {'span': 'zout', 'type': 'Animals-Products-Literal'}, {'span': 'varkensvleesch', 'type': 'Animals-Products-Literal'}]"
19,"Hunne vellen vallen in den winter, als zy het meeste en vastste hair hebben, het best; weshalven de Yslanders dezelve dan naarstig vangen, en wel, uit aangebore afschuuw van schietgeweer, met uitgezette netten of vangyzers, die gelyk een kleermakersschaar gevormt, en met een dood lam ten lokaas voorzien zyn.","[{'span': 'vellen', 'type': 'Animals-Parts-Literal'}, {'span': 'hair', 'type': 'Animals-Parts-Literal'}]","[{'span': 'vellen', 'type': 'Animals-Parts-Literal'}, {'span': 'hair', 'type': 'Animals-Parts-Literal'}, {'span': 'lam', 'type': 'Animals-Products-Literal'}]",[],[],"[{'span': 'vellen', 'type': 'Animals-Products-Literal'}, {'span': 'hair', 'type': 'Animals-Parts-Literal'}, {'span': 'lam', 'type': 'Animals-Organisms-Literal'}]","[{'span': 'vellen', 'type': 'Animals-Parts-Literal'}, {'span': 'hair', 'type': 'Animals-Parts-Literal'}, {'span': 'lam', 'type': 'Animals-Organisms-Literal'}]"
20,"geweld der uitbrekende en uitgezette lucht een groot gedeelte van den berg, 't geen te zwaar was, om opgeligt te worden, op zyde en niet slegts een gantsche myl wegs langs het eiland tot aan het strand, maar zelfs noch een myl verr' in zee voortgeschoven, en aldaar neder gezet wierd, alwaar het, onaangezien de diepte, in den beginne wel 60 vademen boven het water uitstak, en aldaar merendeels noch staat e.",[],[],[],[],[],[]
21,"Neemt voor het vleesch, het geen men daar in legt, het vleesch van de schouwder van een Os dat het malste is; of anders een van de platte billen.","[{'span': 'vleesch', 'type': 'Animals-Products-Literal'}, {'span': 'vleesch', 'type': 'Animals-Products-Literal'}, {'span': 'schouwder', 'type': 'Animals-Parts-Literal'}, {'span': 'Os', 'type': 'Animals-Organisms-Literal'}, {'span': 'billen', 'type': 'Animals-Parts-Literal'}]","[{'span': 'vleesch', 'type': 'Animals-Products-Literal'}, {'span': 'vleesch', 'type': 'Animals-Products-Literal'}, {'span': 'schouwder', 'type': 'Animals-Parts-Literal'}, {'span': 'Os', 'type': 'Animals-Organisms-Literal'}, {'span': 'billen', 'type': 'Animals-Products-Literal'}]","[{'span': 'vleesch', 'type': 'Animals-Products-Literal'}, {'span': 'vleesch', 'type': 'Animals-Products-Literal'}, {'span': 'schouwder', 'type': 'Animals-Parts-Literal'}, {'span': 'Os', 'type': 'Animals-Organisms-Literal'}, {'span': 'platte billen', 'type': 'Animals-Parts-Literal'}]","[{'span': 'vleesch', 'type': 'Animals-Products-Literal'}, {'span': 'vleesch', 'type': 'Animals-Products-Literal'}, {'span': 'schouwder', 'type': 'Animals-Parts-Literal'}, {'span': 'Os', 'type': 'Animals-Organisms-Literal'}, {'span': 'billen', 'type': 'Animals-Parts-Literal'}]","[{'span': 'vleesch', 'type': 'Animals-Products-Literal'}, {'span': 'vleesch', 'type': 'Animals-Products-Literal'}, {'span': 'os', 'type': 'Animals-Organisms-Literal'}, {'span': 'billen', 'type': 'Animals-Parts-Literal'}]","[{'span': 'vleesch', 'type': 'Animals-Products-Literal'}, {'span': 'vleesch', 'type': 'Animals-Products-Literal'}, {'span': 'os', 'type': 'Animals-Organisms-Literal'}, {'span': 'billen', 'type': 'Animals-Parts-Literal'}]"
22,"Ja zy zyn het zelven, die gemeenlyk het begin der aardbranden veroorzaken.",[],[],[],[],[],[]
23,"ยง. XXXIV. Hebben geen Zwynen, maar wel Honden en Katten.","[{'span': 'Zwynen', 'type': 'Animals-Organisms-Literal'}, {'span': 'Honden', 'type': 'Animals-Organisms-Literal'}, {'span': 'Katten', 'type': 'Animals-Organisms-Literal'}]","[{'span': 'Zwynen', 'type': 'Animals-Organisms-Literal'}, {'span': 'Honden', 'type': 'Animals-Organisms-Literal'}, {'span': 'Katten', 'type': 'Animals-Organisms-Literal'}]",[],"[{'span': 'Zwijnen', 'type': 'Animals-Organisms-Literal'}, {'span': 'Honden', 'type': 'Animals-Organisms-Literal'}, {'span': 'Katten', 'type': 'Animals-Organisms-Literal'}]","[{'span': 'zwynen', 'type': 'Animals-Organisms-Literal'}, {'span': 'honden', 'type': 'Animals-Organisms-Literal'}, {'span': 'katten', 'type': 'Animals-Organisms-Literal'}]","[{'span': 'zwynen', 'type': 'Animals-Organisms-Literal'}, {'span': 'honden', 'type': 'Animals-Organisms-Literal'}, {'span': 'katten', 'type': 'Animals-Organisms-Literal'}]"
24,"Doch wat de eigentlyke en natuurlyke oorzaak dezer zeldzaamheid zyn mag, is niet zeer ligt te beseffen  w.",[],[],[],[],[],[]
25,"Reusel, hoe men die wel zal smelten.","[{'span': 'Reusel', 'type': 'Animals-Products-Literal'}]","[{'span': 'Reusel', 'type': 'Animals-Products-Literal'}]",[],[],"[{'span': 'reusel', 'type': 'Animals-Organisms-Symbolical'}]",[]
26,"Van harde of Coraalachtige Zeegewassen wist myn berichter te zeggen, dat enigen van dezelven op de gronden gevonden wierden; doch konde hen niet noemen of beschryven, nadien hy, volgens zyne eigen belydenis, 'er nooit naar gezien had.","[{'span': 'Zeegewassen', 'type': 'Plants-Organisms-Literal'}]","[{'span': 'Zeegewassen', 'type': 'Plants-Organisms-Literal'}]","[{'span': 'Coraalachtige Zeegewassen', 'type': 'Plants-Organisms-Literal'}]","[{'span': 'Coraalachtige', 'type': 'Animals-Collective-Literal'}, {'span': 'Zeegewassen', 'type': 'Plants-Collective-Literal'}]","[{'span': 'zeegewassen', 'type': 'Plants-Organisms-Literal'}]","[{'span': 'zeegewassen', 'type': 'Animals-Collective-Literal'}]"
27,"Dezen zyn de Snoriper op de lappische Alpen, die zich  a steeds op het land houden, meer lopen dan vliegen, en mitsdien niet bezwaarlyk te vangen zyn.",[],"[{'span': 'Snoriper', 'type': 'Animals-Organisms-Literal'}]","[{'span': 'Snoriper', 'type': 'Animals-Organisms-Literal'}]",[],"[{'span': 'vliegen', 'type': 'Animals-Organisms-Literal'}]","[{'span': 'snoriper', 'type': 'Animals-Organisms-Literal'}, {'span': 'vliegen', 'type': 'Animals-Organisms-Literal'}]"
28,"Men moet zich verwonderen, wat zy konnen uitstaan; doch zy worden wel degelyk door de ongemakken verhard, nadien zy jaar uit jaar in in het open veld onder den bloten Hemel blyven, en 's winters onder de sneeuw zowel, als 's zomers, hun voeder zelven moeten zoeken, waar toe zy alleen de weldaad van de natuur genieten, dat zy met byzondere styve, lange en dikke hairen, allermeest tegen den wintertyd, bedekt zyn.","[{'span': 'veld', 'type': 'Plants-Collective-Literal'}, {'span': 'hairen', 'type': 'Animals-Parts-Literal'}]","[{'span': 'hairen', 'type': 'Animals-Parts-Literal'}]","[{'span': 'hairen', 'type': 'Animals-Parts-Literal'}]",[],"[{'span': 'veld', 'type': 'Plants-Collective-Literal'}, {'span': 'voeder', 'type': 'Animals-Products-Literal'}, {'span': 'hairen', 'type': 'Animals-Parts-Literal'}]","[{'span': 'veld', 'type': 'Plants-Collective-Literal'}, {'span': 'hairen', 'type': 'Animals-Parts-Literal'}]"
29,"Vervol-gens bragt men het zieke volk aan land, 't geen, ofschoon het, behalven enig Lepelblad, niet als Zuring in warme Melk en een weinig Schapenvleesch nuttigde, nochtans velen binnen acht en de anderen binnen veertien dagen zo fris en gezond werden, dat zy huppelden en sprongen, en in minder dan vier weken na hun komst weder scheep gaan, zelven hun anker lichten, en die lange en bezwaarlyke reize voorts vrolyk voleinden konden.","[{'span': 'Lepelblad', 'type': 'Plants-Products-Literal'}, {'span': 'Zuring', 'type': 'Plants-Products-Literal'}, {'span': 'Melk', 'type': 'Animals-Products-Literal'}, {'span': 'Schapenvleesch', 'type': 'Animals-Products-Literal'}]","[{'span': 'Lepelblad', 'type': 'Plants-Products-Literal'}, {'span': 'Zuring', 'type': 'Plants-Products-Literal'}, {'span': 'Melk', 'type': 'Animals-Products-Literal'}, {'span': 'Schapenvleesch', 'type': 'Animals-Products-Literal'}]","[{'span': 'Lepelblad', 'type': 'Plants-Organisms-Literal'}, {'span': 'Zuring', 'type': 'Plants-Organisms-Literal'}, {'span': 'Melk', 'type': 'Animals-Products-Literal'}, {'span': 'Schapenvleesch', 'type': 'Animals-Products-Literal'}]","[{'span': 'Lepelblad', 'type': 'Plants-Organisms-Literal'}, {'span': 'Zuring', 'type': 'Plants-Organisms-Literal'}, {'span': 'Melk', 'type': 'Animals-Products-Literal'}, {'span': 'Schapenvleesch', 'type': 'Animals-Products-Literal'}]","[{'span': 'zuring', 'type': 'Plants-Products-Literal'}, {'span': 'schapenvleesch', 'type': 'Animals-Products-Literal'}]","[{'span': 'lepelblad', 'type': 'Plants-Products-Literal'}, {'span': 'melk', 'type': 'Plants-Products-Literal'}, {'span': 'schapenvleesch', 'type': 'Animals-Products-Literal'}]"
30,"Het vleesch snyd men eerst aan stukken als Ossekarbenaden; en dan snyd men het aan lange reepen omtrent een vinger dik en vierkant; men snyd het vet ook aan zulke langwerpige stukken; en dan bestrooid men de pens met wat geprepareerd zout en kruit, gelyk ik boven gezegt heb.","[{'span': 'vleesch', 'type': 'Animals-Products-Literal'}, {'span': 'Ossekarbenaden', 'type': 'Animals-Products-Literal'}, {'span': 'vet', 'type': 'Animals-Products-Literal'}, {'span': 'pens', 'type': 'Animals-Products-Literal'}, {'span': 'kruit', 'type': 'Plants-Products-Literal'}]","[{'span': 'vleesch', 'type': 'Animals-Products-Literal'}, {'span': 'Ossekarbenaden', 'type': 'Animals-Products-Literal'}, {'span': 'vet', 'type': 'Animals-Products-Literal'}, {'span': 'pens', 'type': 'Animals-Products-Literal'}, {'span': 'kruit', 'type': 'Plants-Products-Literal'}]",[],[],"[{'span': 'vleesch', 'type': 'Animals-Products-Literal'}, {'span': 'vet', 'type': 'Animals-Products-Literal'}, {'span': 'pens', 'type': 'Animals-Products-Literal'}, {'span': 'zout', 'type': 'Plants-Products-Literal'}, {'span': 'kruit', 'type': 'Plants-Products-Literal'}]","[{'span': 'vleesch', 'type': 'Animals-Products-Literal'}, {'span': 'vet', 'type': 'Animals-Products-Literal'}, {'span': 'pens', 'type': 'Animals-Products-Literal'}, {'span': 'zout', 'type': 'Animals-Products-Literal'}]"
31,"Men neemt 3 loot bruine peper, en een halfvierendeel nagelen; dit te zaamen eerst fyn gestoten en in een aarde schootel gedaan, en een hand vol gedroogde Saly, die men op den haart wat te droogen legt en die klein gewreven is, en een hand vol of vier zout daar onder geroert, tot men denkt dat men genoeg zal hebben; want den een doet het wel wat hartiger dan den ander.","[{'span': 'peper', 'type': 'Plants-Products-Literal'}, {'span': 'nagelen', 'type': 'Plants-Products-Literal'}, {'span': 'Saly', 'type': 'Plants-Products-Literal'}]","[{'span': 'peper', 'type': 'Plants-Products-Literal'}, {'span': 'nagelen', 'type': 'Plants-Products-Literal'}, {'span': 'Saly', 'type': 'Plants-Products-Literal'}]",[],"[{'span': 'bruine peper', 'type': 'Plants-Products-Literal'}, {'span': 'nagelen', 'type': 'Plants-Products-Literal'}, {'span': 'Saly', 'type': 'Plants-Products-Literal'}]","[{'span': 'peper', 'type': 'Plants-Products-Literal'}, {'span': 'nagelen', 'type': 'Plants-Products-Literal'}, {'span': 'saly', 'type': 'Plants-Products-Literal'}, {'span': 'haart', 'type': 'Animals-Parts-Literal'}]","[{'span': 'bruine', 'type': 'Plants-Products-Literal'}, {'span': 'peper', 'type': 'Plants-Products-Literal'}, {'span': 'nagelen', 'type': 'Plants-Products-Literal'}, {'span': 'saly', 'type': 'Plants-Products-Literal'}]"
32,"Men behoefd 'er geen Sukade nog Amandelen in te doen als men niet wil, en is evenwel goed maar zo lekker niet.","[{'span': 'Sukade', 'type': 'Plants-Products-Literal'}, {'span': 'Amandelen', 'type': 'Plants-Products-Literal'}]","[{'span': 'Sukade', 'type': 'Animals-Products-Literal'}, {'span': 'Amandelen', 'type': 'Plants-Products-Literal'}]","[{'span': 'Sukade', 'type': 'Plants-Products-Literal'}, {'span': 'Amandelen', 'type': 'Plants-Products-Literal'}]","[{'span': 'Sukade', 'type': 'Plants-Products-Literal'}, {'span': 'Amandelen', 'type': 'Plants-Products-Literal'}]","[{'span': 'sukade', 'type': 'Plants-Products-Literal'}, {'span': 'amandelen', 'type': 'Plants-Products-Literal'}]","[{'span': 'sukade', 'type': 'Plants-Products-Literal'}, {'span': 'amandelen', 'type': 'Plants-Products-Literal'}]"
33,"De Harsten laat men een dag of vyf in het zout leggen en men moet ze niet te groot laaten hakken, om dat ze anders te ongeschikt zyn, en ieder een doet dit naa de groote van zyn huisgezin, ook zyn die Harsten dus zeer goed om in den Oven gezet en gebraaden te worden.","[{'span': 'Harsten', 'type': 'Animals-Products-Literal'}, {'span': 'Harsten', 'type': 'Animals-Products-Literal'}]","[{'span': 'Harsten', 'type': 'Animals-Products-Literal'}, {'span': 'Harsten', 'type': 'Animals-Products-Literal'}]","[{'span': 'Harsten', 'type': 'Animals-Organisms-Literal'}, {'span': 'Harsten', 'type': 'Animals-Organisms-Literal'}]","[{'span': 'Harsten', 'type': 'Animals-Organisms-Literal'}, {'span': 'Harsten', 'type': 'Animals-Organisms-Literal'}]","[{'span': 'harsten', 'type': 'Animals-Products-Literal'}, {'span': 'harsten', 'type': 'Animals-Products-Literal'}]","[{'span': 'harsten', 'type': 'Plants-Products-Literal'}, {'span': 'harsten', 'type': 'Plants-Products-Literal'}]"
34,"Het vleesch om in de Kuip in te zouten, daar neemt men toe de zes klapstukken van de buyk, de twee staartstukken, de schouwderbladeren, de twee borststukken, de vier andere ribben, als men de twee beste ribben wil in de rook hangen, anders kan men ook de Paterstukken inzouten, en dan nog de twee ongeschikte ribben die by de schouders zitten; en men laat die stukken groot of klein hakken naa dat men het wil hebben en het huisgezin groot is.","[{'span': 'vleesch', 'type': 'Animals-Products-Literal'}, {'span': 'buyk', 'type': 'Animals-Products-Literal'}, {'span': 'staartstukken', 'type': 'Animals-Products-Literal'}, {'span': 'schouwderbladeren', 'type': 'Animals-Products-Literal'}, {'span': 'borststukken', 'type': 'Animals-Products-Literal'}, {'span': 'ribben', 'type': 'Animals-Products-Literal'}, {'span': 'ribben', 'type': 'Animals-Products-Literal'}, {'span': 'Paterstukken', 'type': 'Animals-Products-Literal'}, {'span': 'ribben', 'type': 'Animals-Products-Literal'}, {'span': 'schouders', 'type': 'Animals-Parts-Literal'}]","[{'span': 'vleesch', 'type': 'Animals-Products-Literal'}, {'span': 'klapstukken', 'type': 'Animals-Products-Literal'}, {'span': 'buyk', 'type': 'Animals-Parts-Literal'}, {'span': 'staartstukken', 'type': 'Animals-Products-Literal'}, {'span': 'schouwderbladeren', 'type': 'Animals-Products-Literal'}, {'span': 'borststukken', 'type': 'Animals-Products-Literal'}, {'span': 'ribben', 'type': 'Animals-Products-Literal'}, {'span': 'ribben', 'type': 'Animals-Products-Literal'}, {'span': 'Paterstukken', 'type': 'Animals-Products-Literal'}, {'span': 'ribben', 'type': 'Animals-Products-Literal'}, {'span': 'schouders', 'type': 'Animals-Parts-Literal'}]",[],"[{'span': 'vleesch', 'type': 'Animals-Products-Literal'}, {'span': 'buyk', 'type': 'Animals-Parts-Literal'}, {'span': 'staartstukken', 'type': 'Animals-Parts-Literal'}, {'span': 'schouwderbladeren', 'type': 'Animals-Parts-Literal'}, {'span': 'borststukken', 'type': 'Animals-Parts-Literal'}, {'span': 'ribben', 'type': 'Animals-Parts-Literal'}, {'span': 'Paterstukken', 'type': 'Animals-Parts-Literal'}, {'span': 'schouders', 'type': 'Animals-Parts-Literal'}]","[{'span': 'vleesch', 'type': 'Animals-Products-Literal'}, {'span': 'buyk', 'type': 'Animals-Parts-Literal'}, {'span': 'staartstukken', 'type': 'Animals-Parts-Literal'}, {'span': 'schouwderbladeren', 'type': 'Animals-Parts-Literal'}, {'span': 'borststukken', 'type': 'Animals-Parts-Literal'}, {'span': 'ribben', 'type': 'Animals-Parts-Literal'}, {'span': 'ribben', 'type': 'Animals-Parts-Literal'}, {'span': 'paterstukken', 'type': 'Animals-Parts-Literal'}, {'span': 'ribben', 'type': 'Animals-Parts-Literal'}]","[{'span': 'vleesch', 'type': 'Animals-Products-Literal'}, {'span': 'buyk', 'type': 'Animals-Parts-Literal'}, {'span': 'staartstukken', 'type': 'Animals-Parts-Literal'}, {'span': 'schouwderbladeren', 'type': 'Plants-Parts-Literal'}, {'span': 'borststukken', 'type': 'Animals-Parts-Literal'}, {'span': 'ribben', 'type': 'Animals-Parts-Literal'}, {'span': 'ribben', 'type': 'Animals-Parts-Literal'}, {'span': 'paterstukken', 'type': 'Animals-Parts-Literal'}, {'span': 'ribben', 'type': 'Animals-Parts-Literal'}]"
35,"Mitsdien ziet men zelden op Ysland andere, dan uitgebrande bergen, aan en om welke men bequaam de werkingen en overgebleven tekenen van een vorigen brand bespeuren kan.",[],[],[],[],[],[]
36,"Buiten dien tyd leggen de inwoonders, nadien de Vossen de schapen zeer schadelyk zyn, kraanogen (nuces vomicae) in honig geweekt, die zy, anders niets zoets te eten bekomende, zeer begerig inzwelgen.","[{'span': 'Vossen', 'type': 'Animals-Organisms-Literal'}, {'span': 'schapen', 'type': 'Animals-Organisms-Literal'}, {'span': 'kraanogen', 'type': 'Plants-Products-Literal'}, {'span': 'nuces vomicae', 'type': 'Plants-Products-Literal'}, {'span': 'honig', 'type': 'Animals-Products-Literal'}]","[{'span': 'Vossen', 'type': 'Animals-Organisms-Literal'}, {'span': 'schapen', 'type': 'Animals-Organisms-Literal'}, {'span': 'nuces vomicae', 'type': 'Plants-Products-Literal'}, {'span': 'honig', 'type': 'Animals-Products-Literal'}]","[{'span': 'Vossen', 'type': 'Animals-Organisms-Literal'}, {'span': 'schapen', 'type': 'Animals-Organisms-Literal'}, {'span': 'kraanogen (nuces vomicae)', 'type': 'Plants-Products-Literal'}, {'span': 'honig', 'type': 'Animals-Products-Literal'}]",[],"[{'span': 'vossen', 'type': 'Animals-Organisms-Literal'}, {'span': 'schapen', 'type': 'Animals-Organisms-Literal'}, {'span': 'honig', 'type': 'Plants-Products-Literal'}]","[{'span': 'vossen', 'type': 'Animals-Organisms-Literal'}, {'span': 'schapen', 'type': 'Animals-Organisms-Literal'}, {'span': 'honig', 'type': 'Plants-Products-Literal'}]"
37,Neemt 4 kop Gort schoon afgewasschen: 4 pond korenten die wel verlezen en schoon gewassen zyn: 8 loot gestoote kaneel: 1 loot gestoote nagelen: 3 loot gestoote notemuscaaten; 1/2 pond poeijer-zuiker: 1 pond gepelde amandelen in stukjes gesneden: 6 sukade schellen aan stukjes gesneden: Een hand vol zout: 10 pond of daar omtrent Osse-niervet aan dobbelsteentjes gesneden.,"[{'span': 'Gort', 'type': 'Plants-Products-Literal'}, {'span': 'korenten', 'type': 'Plants-Products-Literal'}, {'span': 'kaneel', 'type': 'Plants-Products-Literal'}, {'span': 'nagelen', 'type': 'Plants-Products-Literal'}, {'span': 'notemuscaaten', 'type': 'Plants-Products-Literal'}, {'span': 'amandelen', 'type': 'Plants-Products-Literal'}, {'span': 'sukade schellen', 'type': 'Plants-Products-Literal'}, {'span': 'Osse-niervet', 'type': 'Animals-Products-Literal'}]","[{'span': 'Gort', 'type': 'Plants-Products-Literal'}, {'span': 'kaneel', 'type': 'Plants-Products-Literal'}, {'span': 'nagelen', 'type': 'Plants-Products-Literal'}, {'span': 'notemuscaaten', 'type': 'Plants-Products-Literal'}, {'span': 'amandelen', 'type': 'Plants-Products-Literal'}, {'span': 'sukade schellen', 'type': 'Animals-Products-Literal'}, {'span': 'Osse-niervet', 'type': 'Animals-Products-Literal'}]","[{'span': 'Gort', 'type': 'Plants-Products-Literal'}, {'span': 'korenten', 'type': 'Plants-Products-Literal'}, {'span': 'kaneel', 'type': 'Plants-Products-Literal'}, {'span': 'nagelen', 'type': 'Plants-Products-Literal'}, {'span': 'notemuscaaten', 'type': 'Plants-Products-Literal'}, {'span': 'amandelen', 'type': 'Plants-Products-Literal'}, {'span': 'sukade', 'type': 'Plants-Products-Literal'}, {'span': 'Osse-niervet', 'type': 'Animals-Products-Literal'}]",[],"[{'span': 'gort', 'type': 'Plants-Products-Literal'}, {'span': 'korenten', 'type': 'Plants-Products-Literal'}, {'span': 'kaneel', 'type': 'Plants-Products-Literal'}, {'span': 'nagelen', 'type': 'Plants-Products-Literal'}, {'span': 'notemuscaaten', 'type': 'Plants-Products-Literal'}, {'span': 'amandelen', 'type': 'Plants-Products-Literal'}, {'span': 'sukade', 'type': 'Plants-Products-Literal'}, {'span': 'schellen', 'type': 'Plants-Products-Literal'}, {'span': 'osse', 'type': 'Animals-Products-Literal'}, {'span': 'niervet', 'type': 'Animals-Products-Literal'}]","[{'span': 'gort', 'type': 'Plants-Products-Literal'}, {'span': 'korenten', 'type': 'Plants-Products-Literal'}, {'span': 'kaneel', 'type': 'Plants-Products-Literal'}, {'span': 'nagelen', 'type': 'Plants-Products-Literal'}, {'span': 'notemuscaaten', 'type': 'Plants-Products-Literal'}, {'span': 'amandelen', 'type': 'Plants-Products-Literal'}, {'span': 'sukade', 'type': 'Plants-Products-Literal'}, {'span': 'schellen', 'type': 'Plants-Products-Literal'}, {'span': 'zout', 'type': 'Plants-Products-Literal'}, {'span': 'osse', 'type': 'Animals-Products-Literal'}, {'span': 'niervet', 'type': 'Animals-Products-Literal'}]"
38,"Het zoude gezwellen verwekken, en, als men 'er veel van eet, sterk openende zyn.",[],[],[],[],"[{'span': 'gezwellen', 'type': 'Animals-Parts-Literal'}]","[{'span': 'gezwellen', 'type': 'Animals-Parts-Literal'}]"
39,"de Ravens verjagen; doch het Lam, vermits het, zyn voeder niet konnende zoeken, elendig omkomen moet, slagten, en het het zachte vel afstropen, 't geen de peltery geeft, die in Denmarken en Holstein onder den naam van Schmaaskin of Schmaasken x verkogt en zeer veel door lieden van een middelbaar vermogen gedragen word.","[{'span': 'Ravens', 'type': 'Animals-Organisms-Literal'}, {'span': 'Lam', 'type': 'Animals-Organisms-Literal'}, {'span': 'vel', 'type': 'Animals-Parts-Literal'}]","[{'span': 'Ravens', 'type': 'Animals-Organisms-Literal'}, {'span': 'Lam', 'type': 'Animals-Organisms-Literal'}, {'span': 'vel', 'type': 'Animals-Products-Literal'}]","[{'span': 'Ravens', 'type': 'Animals-Organisms-Literal'}, {'span': 'Lam', 'type': 'Animals-Organisms-Literal'}, {'span': 'vel', 'type': 'Animals-Parts-Literal'}, {'span': 'peltery', 'type': 'Animals-Products-Literal'}]","[{'span': 'Ravens', 'type': 'Animals-Organisms-Literal'}, {'span': 'Lam', 'type': 'Animals-Organisms-Literal'}, {'span': 'vel', 'type': 'Animals-Parts-Literal'}, {'span': 'peltery', 'type': 'Animals-Products-Literal'}]","[{'span': 'ravens', 'type': 'Animals-Organisms-Literal'}, {'span': 'lam', 'type': 'Animals-Organisms-Literal'}, {'span': 'vel', 'type': 'Animals-Parts-Literal'}]","[{'span': 'ravens', 'type': 'Animals-Organisms-Literal'}, {'span': 'lam', 'type': 'Animals-Organisms-Literal'}, {'span': 'vel', 'type': 'Animals-Parts-Literal'}]"
40,"Neemt een van de grootste Kalfskoppen, en reinigt die, en wascht ze vier of vyfmalen ter degen schoon af, en laatze een nacht in schoon regen water staan te trekken, dat 'er de slym en het bloedige wel schoon af is, en hangt de kop met schoon regen-water over het vuur; en doet ook in de keetel, de nek van het Varken, en de twee ooren met wat veel zwoort dat 'er genoeg is om
het vleesch in het hakkebord van booven en onderen te bedekken; en als men te veel zwoort en niet genoeg vleesch heeft, zo doet men 'er wel een of twee van de vleesigste stukken van het varken by, en men laat het te zaamen een uur of drie kooken, na dat men het alvorens wel schoon geschuimt heeft, en het moet zeer gaar zyn tot dat het vleesch van de beenen af valt, en dan schept men het uit op een aarde vergiettest of doorslag.","[{'span': 'Kalfskoppen', 'type': 'Animals-Products-Literal'}, {'span': 'kop', 'type': 'Animals-Products-Literal'}, {'span': 'nek', 'type': 'Animals-Products-Literal'}, {'span': 'Varken', 'type': 'Animals-Organisms-Literal'}, {'span': 'ooren', 'type': 'Animals-Products-Literal'}, {'span': 'zwoort', 'type': 'Animals-Products-Literal'}, {'span': 'vleesch', 'type': 'Animals-Products-Literal'}, {'span': 'zwoort', 'type': 'Animals-Products-Literal'}, {'span': 'vleesch', 'type': 'Animals-Parts-Literal'}, {'span': 'varken', 'type': 'Animals-Organisms-Literal'}, {'span': 'vleesch', 'type': 'Animals-Products-Literal'}, {'span': 'beenen', 'type': 'Animals-Parts-Literal'}]","[{'span': 'Kalfskoppen', 'type': 'Animals-Products-Literal'}, {'span': 'slym', 'type': 'Animals-Parts-Literal'}, {'span': 'bloedige', 'type': 'Animals-Parts-Literal'}, {'span': 'kop', 'type': 'Animals-Products-Literal'}, {'span': 'nek', 'type': 'Animals-Products-Literal'}, {'span': 'Varken', 'type': 'Animals-Organisms-Literal'}, {'span': 'ooren', 'type': 'Animals-Products-Literal'}, {'span': 'zwoort', 'type': 'Animals-Products-Literal'}, {'span': 'vleesch', 'type': 'Animals-Products-Literal'}, {'span': 'zwoort', 'type': 'Animals-Products-Literal'}, {'span': 'vleesch', 'type': 'Animals-Products-Literal'}, {'span': 'varken', 'type': 'Animals-Organisms-Literal'}, {'span': 'vleesch', 'type': 'Animals-Products-Literal'}, {'span': 'beenen', 'type': 'Animals-Parts-Literal'}]","[{'span': 'Kalfskoppen', 'type': 'Animals-Parts-Literal'}, {'span': 'nek van het Varken', 'type': 'Animals-Parts-Literal'}, {'span': 'twee ooren', 'type': 'Animals-Parts-Literal'}, {'span': 'veel zwoort', 'type': 'Animals-Products-Literal'}, {'span': 'vleesch', 'type': 'Animals-Products-Literal'}, {'span': 'vleesigste stukken van het varken', 'type': 'Animals-Parts-Literal'}]","[{'span': 'Kalfskoppen', 'type': 'Animals-Parts-Literal'}, {'span': 'nek van het Varken', 'type': 'Animals-Parts-Literal'}, {'span': 'oren', 'type': 'Animals-Parts-Literal'}, {'span': 'vlees', 'type': 'Animals-Products-Literal'}, {'span': 'vleesigste stukken van het varken', 'type': 'Animals-Parts-Literal'}]","[{'span': 'kalfskoppen', 'type': 'Animals-Products-Literal'}, {'span': 'kop', 'type': 'Animals-Parts-Literal'}, {'span': 'nek', 'type': 'Animals-Parts-Literal'}, {'span': 'varken', 'type': 'Animals-Organisms-Literal'}, {'span': 'ooren', 'type': 'Animals-Parts-Literal'}, {'span': 'vleesch', 'type': 'Animals-Products-Literal'}, {'span': 'vleesch', 'type': 'Animals-Products-Literal'}, {'span': 'varken', 'type': 'Animals-Products-Literal'}, {'span': 'vleesch', 'type': 'Animals-Products-Literal'}, {'span': 'beenen', 'type': 'Animals-Parts-Literal'}]","[{'span': 'kalfskoppen', 'type': 'Animals-Products-Literal'}, {'span': 'slym', 'type': 'Animals-Products-Literal'}, {'span': 'kop', 'type': 'Animals-Parts-Literal'}, {'span': 'nek', 'type': 'Animals-Parts-Literal'}, {'span': 'varken', 'type': 'Animals-Organisms-Literal'}, {'span': 'ooren', 'type': 'Animals-Parts-Literal'}, {'span': 'vleesch', 'type': 'Animals-Products-Literal'}, {'span': 'vleesch', 'type': 'Animals-Products-Literal'}, {'span': 'varken', 'type': 'Animals-Organisms-Literal'}, {'span': 'vleesch', 'type': 'Animals-Products-Literal'}, {'span': 'beenen', 'type': 'Animals-Products-Literal'}]"
41,"Hunne manier, om het Rundvee te slagten, heeft ook iets byzonders, Zy kollen het niet voor den kop, menende, dat daar door het bloed in 't vleesch stremt, en mitsdien niet lopen kan; maar steken het een dun penmes diep in den nek, waar door het ter aarde valt; als dan trekken zy de poten gezwind met strikken zamen, en openen de keel, op dat al het bloed zoude uitvlieten Het ingewand word door de Yslanders allereerst, zonder veel te reinigen, genuttigt, en het dier zelf afgehakt.","[{'span': 'Rundvee', 'type': 'Animals-Collective-Literal'}, {'span': 'kop', 'type': 'Animals-Parts-Literal'}, {'span': 'bloed', 'type': 'Animals-Parts-Literal'}, {'span': 'vleesch', 'type': 'Animals-Products-Literal'}, {'span': 'nek', 'type': 'Animals-Parts-Literal'}, {'span': 'poten', 'type': 'Animals-Parts-Literal'}, {'span': 'keel', 'type': 'Animals-Parts-Literal'}, {'span': 'bloed', 'type': 'Animals-Parts-Literal'}, {'span': 'ingewand', 'type': 'Animals-Products-Literal'}, {'span': 'dier', 'type': 'Animals-Organisms-Literal'}]","[{'span': 'Rundvee', 'type': 'Animals-Organisms-Literal'}, {'span': 'kop', 'type': 'Animals-Parts-Literal'}, {'span': 'bloed', 'type': 'Animals-Parts-Literal'}, {'span': 'vleesch', 'type': 'Animals-Parts-Literal'}, {'span': 'nek', 'type': 'Animals-Parts-Literal'}, {'span': 'poten', 'type': 'Animals-Parts-Literal'}, {'span': 'keel', 'type': 'Animals-Parts-Literal'}, {'span': 'bloed', 'type': 'Animals-Parts-Literal'}, {'span': 'ingewand', 'type': 'Animals-Products-Literal'}, {'span': 'dier', 'type': 'Animals-Organisms-Literal'}]","[{'span': 'Rundvee', 'type': 'Animals-Collective-Literal'}, {'span': 'kop', 'type': 'Animals-Parts-Literal'}, {'span': 'vleesch', 'type': 'Animals-Products-Literal'}, {'span': 'pooten', 'type': 'Animals-Parts-Literal'}, {'span': 'keel', 'type': 'Animals-Parts-Literal'}, {'span': 'bloed', 'type': 'Animals-Products-Literal'}, {'span': 'ingewand', 'type': 'Animals-Parts-Literal'}, {'span': 'dier', 'type': 'Animals-Organisms-Literal'}]","[{'span': 'Rundvee', 'type': 'Animals-Collective-Literal'}, {'span': 'vleesch', 'type': 'Animals-Products-Literal'}, {'span': 'pooten', 'type': 'Animals-Parts-Literal'}, {'span': 'keel', 'type': 'Animals-Parts-Literal'}, {'span': 'bloed', 'type': 'Animals-Products-Literal'}, {'span': 'ingewand', 'type': 'Animals-Parts-Literal'}, {'span': 'dier', 'type': 'Animals-Organisms-Literal'}]","[{'span': 'rundvee', 'type': 'Animals-Collective-Literal'}, {'span': 'vleesch', 'type': 'Animals-Parts-Literal'}, {'span': 'poten', 'type': 'Animals-Parts-Literal'}, {'span': 'keel', 'type': 'Animals-Parts-Literal'}, {'span': 'ingewand', 'type': 'Animals-Parts-Literal'}, {'span': 'dier', 'type': 'Animals-Organisms-Literal'}]","[{'span': 'rundvee', 'type': 'Animals-Collective-Literal'}, {'span': 'vleesch', 'type': 'Animals-Products-Literal'}, {'span': 'poten', 'type': 'Animals-Parts-Literal'}, {'span': 'keel', 'type': 'Animals-Parts-Literal'}, {'span': 'ingewand', 'type': 'Animals-Parts-Literal'}, {'span': 'dier', 'type': 'Animals-Organisms-Literal'}]"
42,"Neemt de Lever van het Varken en wascht die schoon, en laat die op een aarde schotel leggen; doet daar zo raauw de vellen en spieren met een mes ter degen schoon uit, en doet het in een schoon tobbetje.","[{'span': 'Lever', 'type': 'Animals-Products-Literal'}, {'span': 'Varken', 'type': 'Animals-Organisms-Literal'}, {'span': 'vellen', 'type': 'Animals-Products-Literal'}, {'span': 'spieren', 'type': 'Animals-Products-Literal'}]","[{'span': 'Lever', 'type': 'Animals-Products-Literal'}, {'span': 'Varken', 'type': 'Animals-Organisms-Literal'}, {'span': 'vellen', 'type': 'Animals-Parts-Literal'}, {'span': 'spieren', 'type': 'Animals-Parts-Literal'}]",[],[],"[{'span': 'lever', 'type': 'Animals-Products-Literal'}, {'span': 'varken', 'type': 'Animals-Organisms-Literal'}, {'span': 'vellen', 'type': 'Animals-Parts-Literal'}, {'span': 'spieren', 'type': 'Animals-Parts-Literal'}]","[{'span': 'lever', 'type': 'Animals-Products-Literal'}, {'span': 'varken', 'type': 'Animals-Organisms-Literal'}, {'span': 'vellen', 'type': 'Animals-Parts-Literal'}, {'span': 'spieren', 'type': 'Animals-Parts-Literal'}]"
43,"Voor een geheele pens heeft men omtrent 20 pond vleesch noodig, behalven het vet dat men daar by gebruikt, dat nog omtrent 10 ponden is.","[{'span': 'pens', 'type': 'Animals-Products-Literal'}, {'span': 'vleesch', 'type': 'Animals-Products-Literal'}, {'span': 'vet', 'type': 'Animals-Products-Literal'}]","[{'span': 'pens', 'type': 'Animals-Products-Literal'}, {'span': 'vleesch', 'type': 'Animals-Products-Literal'}, {'span': 'vet', 'type': 'Animals-Products-Literal'}]",[],"[{'span': 'vleesch', 'type': 'Animals-Products-Literal'}, {'span': 'vet', 'type': 'Animals-Products-Literal'}]","[{'span': 'vleesch', 'type': 'Animals-Products-Literal'}, {'span': 'vet', 'type': 'Animals-Products-Literal'}]","[{'span': 'vleesch', 'type': 'Animals-Products-Literal'}, {'span': 'vet', 'type': 'Animals-Products-Literal'}]"
44,"Laat dan een ketel of twee met regenwater kooken en laat het Koud worden; en als het koud is neemt dan schaars drie kommetjes van dat water tegen ruim een kommetje wyn azyn, en mengt dat te zaamen onder malkanderen zo veel tot dat de pens, als he daar over gegooten is, kan onderleggen, en zet ze dan zo open weg daar ze niet te vogtig staan, is heel goed om met appelen gebakken, of gestooft met wyn te eeten.
10.","[{'span': 'pens', 'type': 'Animals-Products-Literal'}, {'span': 'appelen', 'type': 'Plants-Products-Literal'}]","[{'span': 'pens', 'type': 'Animals-Products-Literal'}, {'span': 'appelen', 'type': 'Plants-Products-Literal'}]",[],[],"[{'span': 'azyn', 'type': 'Plants-Products-Literal'}, {'span': 'pens', 'type': 'Animals-Products-Literal'}, {'span': 'appelen', 'type': 'Plants-Products-Literal'}]","[{'span': 'wyn', 'type': 'Plants-Products-Literal'}, {'span': 'azyn', 'type': 'Plants-Products-Literal'}, {'span': 'pens', 'type': 'Animals-Products-Literal'}, {'span': 'appelen', 'type': 'Plants-Products-Literal'}, {'span': 'wyn', 'type': 'Plants-Products-Literal'}]"
45,"Saucysen of Worst van Varkenvleesch, hoe men die maaken zal.","[{'span': 'Varkenvleesch', 'type': 'Animals-Products-Literal'}]","[{'span': 'Saucysen', 'type': 'Animals-Products-Literal'}, {'span': 'Worst', 'type': 'Animals-Products-Literal'}, {'span': 'Varkenvleesch', 'type': 'Animals-Products-Literal'}]",[],[],"[{'span': 'varkenvleesch', 'type': 'Animals-Products-Literal'}]","[{'span': 'saucysen', 'type': 'Animals-Products-Literal'}, {'span': 'worst', 'type': 'Animals-Products-Literal'}, {'span': 'varkenvleesch', 'type': 'Animals-Products-Literal'}]"
46,"De stukken worden niet met zout gewreven, maar slegts twemaal door zeewater gehaalt, en dan in de lucht, op dat zy winddroog zouden worden, en vervolgens in hunne hutten over hunne haardsteden gehangen, om dezelve te roken, en te meer te doen drogen Dus behandelen zy hun geslagt half verrot en half stinkend vleesch, tot zy het voorts opeten.","[{'span': 'vleesch', 'type': 'Animals-Products-Literal'}]","[{'span': 'vleesch', 'type': 'Animals-Products-Literal'}]",[],[],"[{'span': 'vleesch', 'type': 'Animals-Products-Literal'}]","[{'span': 'stukken', 'type': 'Animals-Products-Literal'}, {'span': 'vleesch', 'type': 'Animals-Products-Literal'}]"
47,"Het vleesch om in de rook te hangen daar toe neemt men de Paterstukken, de twee andere platte billen; en de twee beste ribben; en de spieren, die achter tusschen de beenen van de ribben inzitten, moeten daar schoon uitgedaan worden, om dat daar door ligt verderf ontstaan kan.","[{'span': 'vleesch', 'type': 'Animals-Products-Literal'}, {'span': 'Paterstukken', 'type': 'Animals-Products-Literal'}, {'span': 'billen', 'type': 'Animals-Products-Literal'}, {'span': 'ribben', 'type': 'Animals-Products-Literal'}, {'span': 'spieren', 'type': 'Animals-Products-Literal'}, {'span': 'beenen', 'type': 'Animals-Products-Literal'}, {'span': 'ribben', 'type': 'Animals-Products-Literal'}]","[{'span': 'vleesch', 'type': 'Animals-Products-Literal'}, {'span': 'Paterstukken', 'type': 'Animals-Products-Literal'}, {'span': 'billen', 'type': 'Animals-Products-Literal'}, {'span': 'ribben', 'type': 'Animals-Products-Literal'}, {'span': 'spieren', 'type': 'Animals-Products-Literal'}, {'span': 'beenen', 'type': 'Animals-Parts-Literal'}, {'span': 'ribben', 'type': 'Animals-Parts-Literal'}]",[],[],"[{'span': 'vleesch', 'type': 'Animals-Products-Literal'}, {'span': 'billen', 'type': 'Animals-Parts-Literal'}, {'span': 'ribben', 'type': 'Animals-Parts-Literal'}, {'span': 'spieren', 'type': 'Animals-Parts-Literal'}, {'span': 'ribben', 'type': 'Animals-Parts-Literal'}]","[{'span': 'vleesch', 'type': 'Animals-Products-Literal'}, {'span': 'paterstukken', 'type': 'Animals-Parts-Literal'}, {'span': 'billen', 'type': 'Animals-Parts-Literal'}, {'span': 'ribben', 'type': 'Animals-Parts-Literal'}, {'span': 'spieren', 'type': 'Animals-Parts-Literal'}, {'span': 'ribben', 'type': 'Animals-Parts-Literal'}]"
48,"Dan doet men twee geraspte nootemuscaten, met wat gestoote foelie en met wat zout daar in, en men hakt het te zaamen onder een tot het redelyk klein, maar niet al te klein is.","[{'span': 'nootemuscaten', 'type': 'Plants-Products-Literal'}, {'span': 'foelie', 'type': 'Plants-Products-Literal'}]","[{'span': 'nootemuscaten', 'type': 'Plants-Products-Literal'}, {'span': 'foelie', 'type': 'Plants-Products-Literal'}]",[],[],"[{'span': 'nootemuscaten', 'type': 'Plants-Products-Literal'}, {'span': 'foelie', 'type': 'Plants-Products-Literal'}]","[{'span': 'nootemuscaten', 'type': 'Animals-Products-Literal'}, {'span': 'foelie', 'type': 'Plants-Products-Literal'}, {'span': 'zout', 'type': 'Plants-Products-Literal'}]"
49,"Alsdan begeeft een harder zich met de afgerichte honden op een heuvel, en geeft met zyn hoorn een teken, waarop de honden zich verdelen, en de Schapen van alle kanten uit de klippen en wildernissen in een zekere omtuining of staketzel dryven, 't geen vooraan wyd uitgezet is; doch, op dat zy niet zouden konnen ontvluchten, naar achter allengs enger word.","[{'span': 'honden', 'type': 'Animals-Organisms-Literal'}, {'span': 'hoorn', 'type': 'Animals-Products-Literal'}, {'span': 'honden', 'type': 'Animals-Organisms-Literal'}, {'span': 'Schapen', 'type': 'Animals-Organisms-Literal'}, {'span': 'wildernissen', 'type': 'Plants-Collective-Literal'}]","[{'span': 'honden', 'type': 'Animals-Organisms-Literal'}, {'span': 'hoorn', 'type': 'Animals-Products-Literal'}, {'span': 'honden', 'type': 'Animals-Organisms-Literal'}, {'span': 'Schapen', 'type': 'Animals-Organisms-Literal'}]",[],"[{'span': 'honden', 'type': 'Animals-Organisms-Literal'}, {'span': 'Schapen', 'type': 'Animals-Organisms-Literal'}]","[{'span': 'honden', 'type': 'Animals-Organisms-Literal'}, {'span': 'honden', 'type': 'Animals-Organisms-Literal'}, {'span': 'schapen', 'type': 'Animals-Organisms-Literal'}]","[{'span': 'honden', 'type': 'Animals-Organisms-Literal'}, {'span': 'honden', 'type': 'Animals-Organisms-Literal'}, {'span': 'schapen', 'type': 'Animals-Organisms-Literal'}]"
